nickname,team,conference,rating,lat,long,coords,score,wins,losses
AbCh,Abilene Christian,WAC,49.5,32.4338020067956,-99.6973657608032,"(32.4338,-99.6974)",0,,
AF,Air Force,MWC-MOUNTAIN,75.37,38.9969074312268,-104.843688011169,"(38.9969,-104.8437)",0,,
Akr,Akron,MAC-EAST,52.73,41.0725695152871,-81.5083837509155,"(41.0726,-81.5084)",0,,
ALAM,Alabama A&M,SWAC-EAST,31.86,34.7832145305281,-86.579303741455,"(34.7832,-86.5793)",0,,
Alb,Albany,COLONIAL,40.31,42.6815441600528,-73.8277173042297,"(42.6815,-73.8277)",0,,
AlcS,Alcorn State,SWAC-WEST,36.55,31.8731844044783,-91.1363124847412,"(31.8732,-91.1363)",0,,
AlSt,Alabama State,SWAC-EAST,33.76,32.3806859735875,-86.3114156948226,"(32.3807,-86.3114)",0,,
App,Appalachian State,SUN BELT EAST,67.31,36.211515301693,-81.6855061054229,"(36.2115,-81.6855)",0,,
Ariz,Arizona,PAC-12 SOUTH,70.55,32.2283402320714,-110.949039459228,"(32.2283,-110.949)",0,,
Ark,Arkansas,SEC-WEST,78.72,36.0678507851673,-94.1787958145141,"(36.0679,-94.1788)",0,,
Army,Army,I-A IND.,67.79,41.3870804347742,-73.9640808105468,"(41.3871,-73.9641)",0,,
ArPB,Arkansas Pine Bluff,SWAC-WEST,23.04,34.2528433892265,-92.0217780714437,"(34.2528,-92.0218)",0,,
ArSt,Arkansas State,SUN BELT WEST,53.42,35.8489900953236,-90.6676949436291,"(35.849,-90.6677)",0,,
ASU,Arizona State,PAC-12 SOUTH,69.09,33.426364,-111.932616,"(33.4264,-111.9326)",0,,
Aub,Auburn,SEC-WEST,75.57,32.6023616668175,-85.4889106750488,"(32.6024,-85.4889)",0,,
Ball,Ball State,MAC-WEST,60.11,40.2160276446665,-85.4176996220661,"(40.216,-85.4177)",0,,
Bama,Alabama,SEC-WEST,95.88,33.2074899449517,-87.5503921508789,"(33.2075,-87.5504)",0,,
Bay,Baylor,BIG 12,79.41,31.5586626355116,-97.1156001091003,"(31.5587,-97.1156)",0,,
BC,Boston College,ACC-ATLANTIC,60.84,42.3351083489585,-71.1664724349975,"(42.3351,-71.1665)",0,,
BCU,Bethune-Cookman,SWAC-EAST,26.36,29.1730751119705,-81.1177679002626,"(29.1731,-81.1178)",0,,
BoSt,Boise State,MWC-MOUNTAIN,73.65,43.6027080538683,-116.195912361145,"(43.6027,-116.1959)",0,,
Bowl,Bowling Green,MAC-EAST,55.1,41.3780543980322,-83.6224821209907,"(41.3781,-83.6225)",0,,
Bro,Brown,IVY LEAGUE,33.58,41.8421454678782,-71.3946461077084,"(41.8421,-71.3946)",0,,
Bry,Bryant,BIG SOUTH,39.91,41.9240451152858,-71.5380118857875,"(41.924,-71.538)",0,,
Buck,Bucknell,PATRIOT,25.84,40.9520773619051,-76.8857456505959,"(40.9521,-76.8857)",0,,
Buff,Buffalo,MAC-EAST,62.1,42.9990683823964,-78.7775194644928,"(42.9991,-78.7775)",0,,
But,Butler,PIONEER,27.38,39.8442975650596,-86.166241911809,"(39.8443,-86.1662)",0,,
BYU,BYU,I-A IND.,71.8,40.2574879974631,-111.654438972473,"(40.2575,-111.6544)",0,,
Cal,California,PAC-12 NORTH,70.38,37.8706866037042,-122.250709533691,"(37.8707,-122.2507)",0,,
CalP,Cal Poly,BIG SKY,34.87,35.2985168294003,-120.665114225167,"(35.2985,-120.6651)",0,,
Camp,Campbell,BIG SOUTH,44.03,35.4047183451882,-78.7429795892665,"(35.4047,-78.743)",0,,
CCar,Coastal Carolina,SUN BELT EAST,62.18,33.7928381752244,-79.0170228280525,"(33.7928,-79.017)",0,,
CeAR,Central Arkansas,ASUN,50.93,35.0803032166218,-92.4601221084594,"(35.0803,-92.4601)",0,,
CeCT,Central Connecticut,NORTHEAST,28.87,41.6951367540605,-72.7614321591481,"(41.6951,-72.7614)",0,,
Char,Charlotte,CONF-USA,49.09,35.310280676164,-80.7404937710652,"(35.3103,-80.7405)",0,,
Chat,Chattanooga,SOUTHERN,53.73,35.0360404491686,-85.3157687187194,"(35.036,-85.3158)",0,,
ChSo,Charleston Southern,BIG SOUTH,36.53,32.9783500561406,-80.0684685823592,"(32.9784,-80.0685)",0,,
Cinc,Cincinnati,AAC,74.73,39.131284252734,-84.5162614374157,"(39.1313,-84.5163)",0,,
Cit,The Citadel,SOUTHERN,39.2,32.7932634640853,-79.9564318910352,"(32.7933,-79.9564)",0,,
Clem,Clemson,ACC-ATLANTIC,85.58,34.6787466574134,-82.8431797027587,"(34.6787,-82.8432)",0,,
CMU,Central Michigan,MAC-WEST,58.82,43.5776122825745,-84.7708296775817,"(43.5776,-84.7708)",0,,
Col,Columbia,IVY LEAGUE,42.89,40.8723189213081,-73.9157140635693,"(40.8723,-73.9157)",0,,
Colg,Colgate,PATRIOT,33.89,42.8165272450098,-75.5458116531372,"(42.8165,-75.5458)",0,,
Colo,Colorado,PAC-12 SOUTH,54.03,40.0093983744632,-105.266886949539,"(40.0094,-105.2669)",0,,
Conn,Connecticut,I-A IND.,56.15,41.7598842782029,-72.6189422607421,"(41.7599,-72.6189)",0,,
Corn,Cornell,IVY LEAGUE,35.96,42.4440129576118,-76.4786839485168,"(42.444,-76.4787)",0,,
CoSt,Colorado State,MWC-MOUNTAIN,56.64,40.561742448678,-105.139843711922,"(40.5617,-105.1398)",0,,
Dart,Dartmouth,IVY LEAGUE,44.4,43.7012721867834,-72.2847763239833,"(43.7013,-72.2848)",0,,
Dav,Davidson,PIONEER,30.13,35.4995848258246,-80.8434523914253,"(35.4996,-80.8435)",0,,
Day,Dayton,PIONEER,29.56,39.736938,-84.198786658853,"(39.7369,-84.1988)",0,,
Del,Delaware,COLONIAL,52.91,39.6617040181287,-75.7488301174382,"(39.6617,-75.7488)",0,,
DeSt,Delaware State,MID-EASTERN,25.71,39.1888260066536,-75.5434942245483,"(39.1888,-75.5435)",0,,
Dra,Drake,PIONEER,26.0,41.605006051524,-93.6550220847129,"(41.605,-93.655)",0,,
Duke,Duke,ACC-COASTAL,75.57,35.9953166502013,-78.9417243003845,"(35.9953,-78.9417)",0,,
Duq,Duquesne,NORTHEAST,34.83,40.4356217823094,-79.9901509070334,"(40.4356,-79.9902)",0,,
EaIl,Eastern Illinois,OHIO VALLEY,33.68,39.4805930240453,-88.1811618804931,"(39.4806,-88.1812)",0,,
ECU,East Carolina,AAC,70.85,35.5964257969893,-77.3652291297912,"(35.5964,-77.3652)",0,,
EKY,Eastern Kentucky,ASUN,48.79,37.7344758710105,-84.298095703125,"(37.7345,-84.2981)",0,,
Elon,Elon,COLONIAL,51.32,36.1098743683231,-79.5076811313629,"(36.1099,-79.5077)",0,,
EMU,Eastern Michigan,MAC-WEST,64.78,42.2557607087688,-83.647756576538,"(42.2558,-83.6478)",0,,
ETSU,East Tennessee State,SOUTHERN,43.18,36.3270867430187,-82.3769417861926,"(36.3271,-82.3769)",0,,
EWU,Eastern Washington,BIG SKY,44.51,47.4927037670047,-117.588129043579,"(47.4927,-117.5881)",0,,
FAMU,Florida A&M,SWAC-EAST,42.76,30.426136950087,-84.291427970328,"(30.4261,-84.2914)",0,,
FAU,Florida Atlantic,CONF-USA,63.4,26.3754535636523,-80.101683139801,"(26.3755,-80.1017)",0,,
FIU,FIU,CONF-USA,43.16,25.752492787474,-80.3778648376464,"(25.7525,-80.3779)",0,,
Ford,Fordham,PATRIOT,48.24,40.8611805435104,-73.8832712173461,"(40.8612,-73.8833)",0,,
FrSt,Fresno State,MWC-WEST,76.85,36.8143196952459,-119.758101566905,"(36.8143,-119.7581)",0,,
FSU,Florida State,ACC-ATLANTIC,84.33,30.4375475846212,-84.304533981035,"(30.4375,-84.3045)",0,,
Fur,Furman,SOUTHERN,61.4,34.9198365246995,-82.4377689786167,"(34.9198,-82.4378)",0,,
GarW,Gardner-Webb,BIG SOUTH,48.87,35.2456686619942,-81.6737427963355,"(35.2457,-81.6737)",0,,
GASO,Georgia Southern,SUN BELT EAST,62.25,32.4122116763477,-81.7831707000732,"(32.4122,-81.7832)",0,,
GaSt,Georgia State,SUN BELT EAST,64.45,33.7576173764784,-84.4010603427887,"(33.7576,-84.4011)",0,,
GeoT,Georgetown,PATRIOT,25.47,38.9080328116556,-77.075400352478,"(38.908,-77.0754)",0,,
GrSt,Grambling State,SWAC-WEST,29.52,32.5208674487851,-92.7214074544663,"(32.5209,-92.7214)",0,,
GT,Georgia Tech,ACC-COASTAL,96.03,33.7725569213194,-84.3928527832031,"(33.7726,-84.3929)",0,,
Hamp,Hampton,COLONIAL,33.18,37.0207061232821,-76.3339555221659,"(37.0207,-76.334)",0,,
Harv,Harvard,IVY LEAGUE,48.99,42.366997,-71.12680128,"(42.367,-71.1268)",0,,
Hawa,Hawaii,MWC-WEST,52.42,21.3727829932682,-157.929968833923,"(21.3728,-157.93)",0,,
Holy,Holy Cross,PATRIOT,65.86,42.2410046910841,-71.8114042282104,"(42.241,-71.8114)",0,,
Hou,Houston,AAC,71.51,29.7217679632935,-95.3490984109521,"(29.7218,-95.3491)",0,,
HouC,Houston Christian ,SOUTHLAND,24.06,29.7522505600511,-95.352337360382,"(29.7523,-95.3523)",0,,
How,Howard,MID-EASTERN,36.53,38.9256708847653,-77.0212412131183,"(38.9257,-77.0212)",0,,
IaSt,Iowa State,BIG 12,75.98,42.0140054110848,-93.6358094215393,"(42.014,-93.6358)",0,,
Ida,Idaho,BIG SKY,59.48,46.7263496146411,-117.017551919226,"(46.7263,-117.0176)",0,,
IdSt,Idaho State,BIG SKY,34.28,42.8700355712198,-112.428524494171,"(42.87,-112.4285)",0,,
Ill,Illinois,BIG TEN-WEST,79.54,40.0993057313305,-88.2359862327575,"(40.0993,-88.236)",0,,
IlSt,Illinois State,MISSOURI VALLEY,51.07,40.5120046806667,-88.9962530136108,"(40.512,-88.9963)",0,,
Ind,Indiana,BIG TEN-EAST,65.8,39.1809091337292,-86.5255737304687,"(39.1809,-86.5256)",0,,
InSt,Indiana State,MISSOURI VALLEY,42.59,39.4743654748612,-87.3673582077026,"(39.4744,-87.3674)",0,,
Iowa,Iowa,BIG TEN-WEST,81.5,41.6583889368098,-91.5514755249023,"(41.6584,-91.5515)",0,,
Jack,Jackson State,SWAC-EAST,51.72,32.3296335816193,-90.1797831058502,"(32.3296,-90.1798)",0,,
JMU,James Madison,SUN BELT EAST,71.88,38.4350889358521,-78.8734033040367,"(38.4351,-78.8734)",0,,
JSU,Jacksonville State,ASUN,58.91,33.820310305704,-85.7664656639099,"(33.8203,-85.7665)",0,,
Kenn,Kennesaw State,ASUN,45.06,34.0234337,-84.6154897,"(34.0234,-84.6155)",0,,
Kent,Kent State,MAC-EAST,62.71,41.1390868254951,-81.3134394586086,"(41.1391,-81.3134)",0,,
KSU,Kansas State,BIG 12,86.1,39.2018636181424,-96.593792438507,"(39.2019,-96.5938)",0,,
KU,Kansas,BIG 12,73.12,38.9629459889853,-95.2463150024414,"(38.9629,-95.2463)",0,,
Laf,Lafayette,PATRIOT,32.81,40.7007265741943,-75.2102413284663,"(40.7007,-75.2102)",0,,
Lam,Lamar,SOUTHLAND,29.97,30.043150050345,-94.0699072055309,"(30.0432,-94.0699)",0,,
LaTe,Louisiana Tech,CONF-USA,53.19,32.5322380991582,-92.6560188758494,"(32.5322,-92.656)",0,,
Lehi,Lehigh,PATRIOT,30.06,40.5891237081224,-75.3554606437683,"(40.5891,-75.3555)",0,,
Lib,Liberty,I-A IND.,63.73,37.354414,-79.175047,"(37.3544,-79.175)",0,,
Lous,Louisiana,SUN BELT WEST,67.35,30.2157960967561,-92.0162641355238,"(30.2158,-92.0163)",0,,
Louv,Louisville,ACC-ATLANTIC,80.41,38.2054216852114,-85.758105615668,"(38.2054,-85.7581)",0,,
LSU,LSU,SEC-WEST,86.27,30.4120123982997,-91.1838197708129,"(30.412,-91.1838)",0,,
Main,Maine,COLONIAL,40.93,44.9044661257467,-68.673550558134,"(44.9045,-68.6736)",0,,
Mari,Marist,PIONEER,19.07,41.7189273847624,-73.9326238632202,"(41.7189,-73.9326)",0,,
Mars,Marshall,SUN BELT EAST,69.72,38.4248653617916,-82.4218583106994,"(38.4249,-82.4219)",0,,
Mary,Maryland,BIG TEN-EAST,76.85,38.9912027514442,-76.9473117324878,"(38.9912,-76.9473)",0,,
McNS,McNeese State,SOUTHLAND,36.62,30.1736932843449,-93.2107460048247,"(30.1737,-93.2107)",0,,
Memp,Memphis,AAC,73.86,35.1208569172689,-89.9780574112838,"(35.1209,-89.9781)",0,,
Merc,Mercer,SOUTHERN,57.92,32.834263,-83.626851,"(32.8343,-83.6269)",0,,
Mia,Miami,ACC-COASTAL,66.53,25.9579337390289,-80.2388405799865,"(25.9579,-80.2388)",0,,
MiaO,Miami (OH),MAC-EAST,60.81,39.5194211314234,-84.7333545014001,"(39.5194,-84.7334)",0,,
Mich,Michigan,BIG TEN-EAST,92.42,42.2658687325173,-83.7487256526947,"(42.2659,-83.7487)",0,,
MidT,Middle Tennessee,CONF-USA,59.65,35.8511090805408,-86.3684499263763,"(35.8511,-86.3684)",0,,
Minn,Minnesota,BIG TEN-WEST,80.32,44.9765249691119,-93.2245758175849,"(44.9765,-93.2246)",0,,
Mizz,Missouri,SEC-EAST,72.39,38.9358952967223,-92.3331141471862,"(38.9359,-92.3331)",0,,
Mon,Monmouth,COLONIAL,41.3,40.2793333205064,-74.0094745159149,"(40.2793,-74.0095)",0,,
Mont,Montana,BIG SKY,63.86,46.8639147960056,-113.982060589555,"(46.8639,-113.9821)",0,,
More,Morehead State,PIONEER,16.1,38.1918679567418,-83.4253692626953,"(38.1919,-83.4254)",0,,
Morg,Morgan State,MID-EASTERN,28.34,39.2779653647445,-76.6226944327354,"(39.278,-76.6227)",0,,
MoSt,Missouri State,MISSOURI VALLEY,55.44,37.1976295206597,-93.2799875736236,"(37.1976,-93.28)",0,,
MsSt,Mississippi State,SEC-WEST,82.84,33.456230599072,-88.7934243679046,"(33.4562,-88.7934)",0,,
MVSt,Mississippi Valley State,SWAC-EAST,24.38,33.5093393678006,-90.3437948226928,"(33.5093,-90.3438)",0,,
MSU,Michigan State,BIG TEN-EAST,73.33,42.7281691163326,-84.4848753511905,"(42.7282,-84.4849)",0,,
MtSt,Montana State,BIG SKY,66.85,45.6589275258896,-111.049590110778,"(45.6589,-111.0496)",0,,
MurS,Murray State,OHIO VALLEY,31.76,36.6183866173167,-88.3166027069091,"(36.6184,-88.3166)",0,,
Navy,Navy,AAC,67.61,38.9848326354336,-76.5071153640747,"(38.9848,-76.5071)",0,,
NCAT,NC A&T,BIG SOUTH,43.62,36.0812744166915,-79.7700870037078,"(36.0813,-79.7701)",0,,
NCCe,NC Central,MID-EASTERN,46.46,35.97388812192,-78.8968941002637,"(35.9739,-78.8969)",0,,
NCSU,NC State,ACC-ATLANTIC,75.01,35.8007596820789,-78.7194871902465,"(35.8008,-78.7195)",0,,
ND,Notre Dame,I-A IND.,83.77,41.6984231215861,-86.2338244915008,"(41.6984,-86.2338)",0,,
NDSU,North Dakota State,MISSOURI VALLEY,69.69,46.902907626801,-96.8015222161342,"(46.9029,-96.8015)",0,,
Neb,Nebraska,BIG TEN-WEST,71.37,40.8204835232949,-96.7057156562805,"(40.8205,-96.7057)",0,,
Nev,Nevada,MWC-WEST,53.04,39.5469248501715,-119.817559719085,"(39.5469,-119.8176)",0,,
NiSt,Nicholls State,SOUTHLAND,34.81,29.7866830856858,-90.8036386917808,"(29.7867,-90.8036)",0,,
NIU,NIU,MAC-WEST,56.32,41.934014,-88.778222,"(41.934,-88.7782)",0,,
NMSU,New Mexico State,I-A IND.,55.78,32.279749382264,-106.741136312484,"(32.2797,-106.7411)",0,,
NoAZ,Northern Arizona,BIG SKY,46.97,35.180402970069,-111.653022766113,"(35.1804,-111.653)",0,,
NoCO,Northern Colorado,BIG SKY,34.61,40.4033496582309,-104.705189466476,"(40.4033,-104.7052)",0,,
NoIA,Northern Iowa,MISSOURI VALLEY,62.64,42.5155436208765,-92.4673748016357,"(42.5155,-92.4674)",0,,
NoSt,Norfolk State,MID-EASTERN,23.37,36.8466930489414,-76.2604808807373,"(36.8467,-76.2605)",0,,
NoTX,North Texas,CONF-USA,63.26,33.2039350840891,-97.1592235565185,"(33.2039,-97.1592)",0,,
Nova,Villanova,COLONIAL,44.48,40.0329706943882,-75.3367495536804,"(40.033,-75.3367)",0,,
NW,Northwestern,BIG TEN-WEST,62.73,42.0653996675299,-87.6924955844879,"(42.0654,-87.6925)",0,,
NWSt,Northwestern State,SOUTHLAND,34.22,31.7474287136861,-93.0965100969665,"(31.7474,-93.0965)",0,,
ODU,Old Dominion,SUN BELT EAST,57.77,36.8887813152348,-76.3056761026382,"(36.8888,-76.3057)",0,,
Ohio,Ohio,MAC-EAST,67.36,39.321309084594,-82.1034394465235,"(39.3213,-82.1034)",0,,
OhSt,Ohio State,BIG TEN-EAST,94.66,40.0016856893694,-83.019728064537,"(40.0017,-83.0197)",0,,
OkSt,Oklahoma State,BIG 12,76.49,36.1257086623585,-97.0665049552917,"(36.1257,-97.0665)",0,,
OleM,Mississippi,SEC-WEST,78.72,34.3621543029929,-89.534146260209,"(34.3622,-89.5341)",0,,
Ore,Oregon,PAC-12 NORTH,84.98,44.0582727242666,-123.068504333496,"(44.0583,-123.0685)",0,,
OrSt,Oregon State,PAC-12 NORTH,86.06,44.5594768421455,-123.281407356262,"(44.5595,-123.2814)",0,,
OU,Oklahoma,BIG 12,82.6,35.205899594885,-97.4425506591796,"(35.2059,-97.4426)",0,,
PaSt,Penn State,BIG TEN-EAST,91.5,40.8121527327504,-77.8562021255493,"(40.8122,-77.8562)",0,,
Peay,Austin Peay,ASUN,52.66,36.5358122959844,-87.3528528213501,"(36.5358,-87.3529)",0,,
Penn,Penn,IVY LEAGUE,46.49,39.9498850045148,-75.1898074150085,"(39.9499,-75.1898)",0,,
Pitt,Pittsburgh,ACC-COASTAL,78.02,40.4467837650163,-80.0157558917999,"(40.4468,-80.0158)",0,,
Port,Portland State,BIG SKY,41.85,45.5215559707807,-122.691739797592,"(45.5216,-122.6917)",0,,
Pres,Presbyterian,PIONEER,6.53,34.4605571284515,-81.8619809838004,"(34.4606,-81.862)",0,,
Prin,Princeton,IVY LEAGUE,52.16,40.3482203655987,-74.6590840816497,"(40.3482,-74.6591)",0,,
Purd,Purdue,BIG TEN-WEST,73.49,40.434323,-86.918485,"(40.4343,-86.9185)",0,,
PVAM,Prairie View A&M,SWAC-WEST,37.03,30.0911525909566,-95.9944152832031,"(30.0912,-95.9944)",0,,
Rice,Rice,CONF-USA,53.96,29.7162340290943,-95.4092645645141,"(29.7162,-95.4093)",0,,
Rich,Richmond,COLONIAL,56.46,37.5778650064474,-77.5439715385437,"(37.5779,-77.544)",0,,
RoMo,Robert Morris,BIG SOUTH,21.52,40.521172309297,-80.2162992954254,"(40.5212,-80.2163)",0,,
Rutg,Rutgers,BIG TEN-EAST,60.4,40.5137828930887,-74.4650445708728,"(40.5138,-74.465)",0,,
SacH,Sacred Heart,NORTHEAST,41.43,41.2194501755771,-73.2456172977671,"(41.2195,-73.2456)",0,,
SacS,Sacramento State,BIG SKY,67.09,38.5552050075269,-121.422132253646,"(38.5552,-121.4221)",0,,
Sam,Samford,SOUTHERN,58.74,33.463425,-86.7952701999999,"(33.4634,-86.7953)",0,,
SCSt,SC State,MID-EASTERN,29.73,33.4987670093182,-80.8449335485868,"(33.4988,-80.8449)",0,,
SD,San Diego,PIONEER,31.49,32.7734961025846,-117.183797873547,"(32.7735,-117.1838)",0,,
SDSU,San Diego State,MWC-WEST,64.76,32.7830532577911,-117.119600772857,"(32.7831,-117.1196)",0,,
SDSt,South Dakota State,MISSOURI VALLEY,76.02,44.3209773912753,-96.7801523208618,"(44.321,-96.7802)",0,,
SeLA,SE Louisiana,SOUTHLAND,55.68,30.5109652922055,-90.4687964916229,"(30.511,-90.4688)",0,,
SEMS,SE Missouri State,OHIO VALLEY,55.34,37.3091932771759,-89.5314717292785,"(37.3092,-89.5315)",0,,
SFA,Stephen F. Austin,WAC,45.56,31.6254476402517,-94.6449971628411,"(31.6254,-94.645)",0,,
SHSt,Sam Houston State,WAC,48.38,30.7139467376334,-95.5419158935546,"(30.7139,-95.5419)",0,,
SJSU,San Jose State,MWC-WEST,62.73,37.3201051866908,-121.86811613079,"(37.3201,-121.8681)",0,,
SMU,SMU,AAC,71.89,32.8377158099425,-96.782705783844,"(32.8377,-96.7827)",0,,
SoAL,South Alabama,SUN BELT WEST,66.84,30.6742389873067,-88.0756330490112,"(30.6742,-88.0756)",0,,
SoIL,Southern Illinois,MISSOURI VALLEY,58.32,37.7084995618978,-89.2169578488814,"(37.7085,-89.217)",0,,
SoMS,Southern Miss,SUN BELT WEST,63.07,31.3289784266123,-89.3313306570053,"(31.329,-89.3313)",0,,
Sou,Southern U.,SWAC-WEST,39.82,30.5219699680965,-91.1895312981897,"(30.522,-91.1895)",0,,
SoUT,Southern Utah,WAC,44.8,37.6756687492631,-113.077490329742,"(37.6757,-113.0775)",0,,
Stan,Stanford,PAC-12 NORTH,65.76,37.4347264132917,-122.161016464233,"(37.4347,-122.161)",0,,
Stet,Stetson,PIONEER,19.75,29.0195078302558,-81.3003186248933,"(29.0195,-81.3003)",0,,
StFr,Saint Francis,NORTHEAST,56.63,40.5063595611279,-78.6369729898319,"(40.5064,-78.637)",0,,
Ston,Stony Brook,COLONIAL,32.92,40.9183122023565,-73.1240451335907,"(40.9183,-73.124)",0,,
Syr,Syracuse,ACC-ATLANTIC,71.72,43.0361328204232,-76.136519908905,"(43.0361,-76.1365)",0,,
TAMU,Texas A&M,SEC-WEST,76.54,30.6100975781747,-96.3407292285928,"(30.6101,-96.3407)",0,,
TCU,TCU,BIG 12,87.0,32.7099159694234,-97.3679959774017,"(32.7099,-97.368)",0,,
Temp,Temple,AAC,58.03,39.9007489004881,-75.1674914360046,"(39.9007,-75.1675)",0,,
Tenn,Tennessee,SEC-EAST,93.37,35.9547343726225,-83.9253330230712,"(35.9547,-83.9253)",0,,
TnSt,Tennessee State,OHIO VALLEY,37.08,36.166927,-86.771469,"(36.1669,-86.7715)",0,,
TnTe,Tennessee Tech,OHIO VALLEY,37.85,36.1775832382055,-85.5065488815307,"(36.1776,-85.5065)",0,,
Tol,Toledo,MAC-WEST,66.95,41.6573907789532,-83.6140171915029,"(41.6574,-83.614)",0,,
Tow,Towson,COLONIAL,42.04,39.3885267480887,-76.615959405899,"(39.3885,-76.616)",0,,
Troy,Troy,SUN BELT WEST,73.2,31.7995274152521,-85.9521769158619,"(31.7995,-85.9522)",0,,
TTU,Texas Tech,BIG 12,80.9,33.591028298011,-101.87293767929,"(33.591,-101.8729)",0,,
Tuls,Tulsa,AAC,64.69,36.148860675192,-95.943603515625,"(36.1489,-95.9436)",0,,
TXSo,Texas Southern,SWAC-WEST,34.37,29.7522505600511,-95.352337360382,"(29.7523,-95.3523)",0,,
TxSt,Texas State,SUN BELT WEST,52.61,29.8913445487971,-97.9253118055946,"(29.8913,-97.9253)",0,,
Tuln,Tulane,AAC,79.77,29.9458981125284,-90.1151911230632,"(29.9459,-90.1152)",0,,
UCD,UC Davis,BIG SKY,64.8,38.5366354611756,-121.763319969177,"(38.5366,-121.7633)",0,,
UCF,UCF,AAC,72.89,28.607958859227,-81.1929988861084,"(28.608,-81.193)",0,,
UCLA,UCLA,PAC-12 SOUTH,79.03,34.1615695872626,-118.167614936828,"(34.1616,-118.1676)",0,,
UF,Florida,SEC-EAST,77.7,29.6498686779723,-82.348666191101,"(29.6499,-82.3487)",0,,
UGA,Georgia,SEC-EAST,79.43,33.9498214894988,-83.3734416961669,"(33.9498,-83.3734)",0,,
UK,Kentucky,SEC-EAST,77.1,38.0226216812936,-84.5052051544189,"(38.0226,-84.5052)",0,,
ULM,ULM,SUN BELT WEST,54.31,32.5310686945154,-92.0664407506764,"(32.5311,-92.0664)",0,,
UMas,UMass,I-A IND.,42.91,42.3775132360045,-72.5356268605241,"(42.3775,-72.5356)",0,,
UNC,North Carolina,ACC-COASTAL,74.07,35.9069883474785,-79.0479183197021,"(35.907,-79.0479)",0,,
UND,North Dakota,MISSOURI VALLEY,57.74,47.9112541581595,-97.0904868543121,"(47.9113,-97.0905)",0,,
UNH,New Hampshire,COLONIAL,48.62,43.138686442556,-70.9391525387764,"(43.1387,-70.9392)",0,,
UNLV,UNLV,MWC-WEST,58.85,36.0859738804692,-115.017113685607,"(36.086,-115.0171)",0,,
UNM,New Mexico,MWC-MOUNTAIN,48.44,35.0676104826716,-106.628102835815,"(35.0676,-106.6281)",0,,
URI,Rhode Island,COLONIAL,50.58,41.4880575336857,-71.5345226391631,"(41.4881,-71.5345)",0,,
USC,Southern California,PAC-12 SOUTH,83.58,34.0140097406291,-118.287895917892,"(34.014,-118.2879)",0,,
USCe,South Carolina,SEC-EAST,76.61,33.9725911545769,-81.020216345787,"(33.9726,-81.0202)",0,,
USD,South Dakota,MISSOURI VALLEY,50.54,42.7910502570519,-96.9275201606501,"(42.7911,-96.9275)",0,,
USF,South Florida,AAC,57.48,27.9759944700371,-82.5033491849899,"(27.976,-82.5033)",0,,
Utah,Utah,PAC-12 SOUTH,88.69,40.7599478200457,-111.8488240242,"(40.7599,-111.8488)",0,,
UTEP,UTEP,CONF-USA,57.65,31.7733453051277,-106.507896780967,"(31.7733,-106.5079)",0,,
UTex,Texas,BIG 12,87.17,30.2836034020682,-97.7323365211486,"(30.2836,-97.7323)",0,,
UTM,UT Martin,OHIO VALLEY,48.78,36.3447372747397,-88.8611769676208,"(36.3447,-88.8612)",0,,
UTSA,UTSA,CONF-USA,71.54,29.4169371286815,-98.4789025783538,"(29.4169,-98.4789)",0,,
UtSt,Utah State,MWC-MOUNTAIN,59.84,41.7515318861288,-111.812105678856,"(41.7515,-111.8121)",0,,
UVA,Virginia,ACC-COASTAL,65.12,38.0311237285568,-78.513708114624,"(38.0311,-78.5137)",0,,
Valp,Valparaiso,PIONEER,21.08,41.465178807414,-87.0478345286491,"(41.4652,-87.0478)",0,,
Vand,Vanderbilt,SEC-EAST,64.21,36.1435584969637,-86.8087720870971,"(36.1436,-86.8088)",0,,
VMI,VMI,SOUTHERN,31.98,37.788676745634,-79.4349975678679,"(37.7887,-79.435)",0,,
VPI,Virginia Tech,ACC-COASTAL,64.29,37.2199742830054,-80.4180550575256,"(37.22,-80.4181)",0,,
Wag,Wagner,NORTHEAST,17.09,40.6173245424404,-74.0954312377263,"(40.6173,-74.0954)",0,,
Wake,Wake Forest,ACC-ATLANTIC,77.29,36.0918348106127,-80.2553415298461,"(36.0918,-80.2553)",0,,
Wash,Washington,PAC-12 NORTH,86.0,47.6504305440122,-122.302919847393,"(47.6504,-122.3029)",0,,
WCU,Western Carolina,SOUTHERN,46.15,35.3046540476882,-83.1826186180114,"(35.3047,-83.1826)",0,,
WebS,Weber State,BIG SKY,63.71,41.1919730213628,-111.940805756734,"(41.192,-111.9408)",0,,
WIll,Western Illinois,MISSOURI VALLEY,36.37,40.468392354607,-90.6841564178466,"(40.4684,-90.6842)",0,,
WiMa,William & Mary,COLONIAL,56.34,37.2730624594961,-76.7142248153686,"(37.2731,-76.7142)",0,,
Wisc,Wisconsin,BIG TEN-WEST,78.22,43.0699380264687,-89.4127464294433,"(43.0699,-89.4127)",0,,
WKU,Western Kentucky,CONF-USA,70.72,36.9848766298946,-86.459013971646,"(36.9849,-86.459)",0,,
WMU,Western Michigan,MAC-WEST,60.86,42.2857554874701,-85.6010042130947,"(42.2858,-85.601)",0,,
Woff,Wofford,SOUTHERN,41.09,34.9618610164783,-81.9334982124616,"(34.9619,-81.9335)",0,,
Word,Incarnate Word,SOUTHLAND,76.41,29.4672834309754,-98.4698613211319,"(29.4673,-98.4699)",0,,
WSU,Washington State,PAC-12 NORTH,75.7,46.731967978653,-117.160585787811,"(46.732,-117.1606)",0,,
WVU,West Virginia,BIG 12,74.44,39.6522199248281,-79.9551753012939,"(39.6522,-79.9552)",0,,
Wyo,Wyoming,MWC-MOUNTAIN,62.76,41.3119359929924,-105.569064617156,"(41.3119,-105.5691)",0,,
Yale,Yale,IVY LEAGUE,52.62,41.3121251231602,-72.960229121659,"(41.3121,-72.9602)",0,,
YoSt,Youngstown State,MISSOURI VALLEY,55.53,41.1094614636735,-80.6499762946883,"(41.1095,-80.65)",0,,
